trial_number,exp_folder,a,b,c,w1,w2,w3,w4,loss,state
0,,0.09546361017023475,0.5267349517154781,0.3329486486000447,,,,,,FAIL
